<?xml version="1.0" encoding="UTF-8"?>
<beans xmlns="http://www.springframework.org/schema/beans"
       xmlns:xsi="http://www.w3.org/2001/XMLSchema-instance" xmlns:p="http://www.springframework.org/schema/p"
       xmlns:context="http://www.springframework.org/schema/context"
       xmlns:dubbo="http://code.alibabatech.com/schema/dubbo" xmlns:mvc="http://www.springframework.org/schema/mvc"
       xsi:schemaLocation="http://www.springframework.org/schema/beans http://www.springframework.org/schema/beans/spring-beans.xsd
        http://www.springframework.org/schema/mvc http://www.springframework.org/schema/mvc/spring-mvc.xsd
        http://code.alibabatech.com/schema/dubbo http://code.alibabatech.com/schema/dubbo/dubbo.xsd
        http://www.springframework.org/schema/context http://www.springframework.org/schema/context/spring-context.xsd">
   <!--springmvc-->
    <context:component-scan base-package="com.xxx.proj.controller"></context:component-scan>
    <mvc:annotation-driven >
        <mvc:message-converters register-defaults="false">
            <bean class="org.springframework.http.converter.StringHttpMessageConverter">
                <constructor-arg value="UTF-8" />
            </bean>
        </mvc:message-converters>
    </mvc:annotation-driven>
    <!--dubbo-->
    <dubbo:registry address="zookeeper://192.168.122.101:2181"></dubbo:registry>
    <dubbo:application name="dubbo-consumer"></dubbo:application>
    <!--注意这里是：controller-->
    <dubbo:annotation package="com.xxx.proj.controller"></dubbo:annotation>

</beans>