<?xml version="1.0" encoding="UTF-8"?>
<beans xmlns="http://www.springframework.org/schema/beans"
       xmlns:xsi="http://www.w3.org/2001/XMLSchema-instance" xmlns:p="http://www.springframework.org/schema/p"
       xmlns:context="http://www.springframework.org/schema/context"
       xmlns:dubbo="http://code.alibabatech.com/schema/dubbo" xmlns:mvc="http://www.springframework.org/schema/mvc"
       xsi:schemaLocation="http://www.springframework.org/schema/beans http://www.springframework.org/schema/beans/spring-beans.xsd
        http://www.springframework.org/schema/mvc http://www.springframework.org/schema/mvc/spring-mvc.xsd
        http://code.alibabatech.com/schema/dubbo http://code.alibabatech.com/schema/dubbo/dubbo.xsd
        http://www.springframework.org/schema/context http://www.springframework.org/schema/context/spring-context.xsd">

    <!--dubbo-->
    <!--dubbo服务在哪-->
    <dubbo:registry address="zookeeper://192.168.122.101:2181"></dubbo:registry>
    <!--我提供的服务叫什么-->
    <dubbo:application name="dubbo-provider"></dubbo:application>
    <!--我提供的服务在哪-->
    <dubbo:annotation package="com.xxx.proj.service"></dubbo:annotation>
    <!--提供服务使用的端口-->
    <dubbo:protocol name="dubbo" port="20881"></dubbo:protocol>
</beans>