<?xml version="1.0" encoding="UTF-8"?>
<beans xmlns="http://www.springframework.org/schema/beans"
       xmlns:xsi="http://www.w3.org/2001/XMLSchema-instance" xmlns:p="http://www.springframework.org/schema/p"
       xmlns:context="http://www.springframework.org/schema/context"
       xmlns:dubbo="http://code.alibabatech.com/schema/dubbo" xmlns:mvc="http://www.springframework.org/schema/mvc"
       xsi:schemaLocation="http://www.springframework.org/schema/beans http://www.springframework.org/schema/beans/spring-beans.xsd
        http://www.springframework.org/schema/mvc http://www.springframework.org/schema/mvc/spring-mvc.xsd
        http://code.alibabatech.com/schema/dubbo http://code.alibabatech.com/schema/dubbo/dubbo.xsd
        http://www.springframework.org/schema/context http://www.springframework.org/schema/context/spring-context.xsd">

    <!--添加注册的应用名-->
    <dubbo:application name="youlexuan-sellergoods-service"></dubbo:application>
    <!--添加服务器地址-->
    <dubbo:registry address="${dubbo.address}"></dubbo:registry>
    <!--添加要扫描的服务-->
    <dubbo:annotation package="com.xxx.proj.service"></dubbo:annotation>
    <!--端口-->
    <dubbo:protocol name="dubbo" port="${dubbo.youlexuan-sellergoods-service.port}"></dubbo:protocol>
</beans>