<?xml version="1.0" encoding="UTF-8"?>
<beans
	xmlns="http://www.springframework.org/schema/beans"
	xmlns:xsi="http://www.w3.org/2001/XMLSchema-instance"
	xmlns:p="http://www.springframework.org/schema/p"
	xsi:schemaLocation="http://www.springframework.org/schema/beans http://www.springframework.org/schema/beans/spring-beans-3.0.xsd">


	<bean id="dataSource"
		class="org.apache.commons.dbcp.BasicDataSource">
		<property name="driverClassName"
			value="com.mysql.jdbc.Driver">
		</property>
		<property name="url" value="jdbc:mysql://localhost:3306/phonestore?useUnicode=true&amp;characterEncoding=UTF-8"></property>
		<property name="username" value="root"></property>
		<property name="password" value="root"></property>
	</bean>
	<bean id="sessionFactory"
		class="org.springframework.orm.hibernate3.LocalSessionFactoryBean">
		<property name="dataSource">
			<ref bean="dataSource" />
		</property>
		<property name="hibernateProperties">
			<props>
				<prop key="hibernate.dialect">
					org.hibernate.dialect.MySQLDialect
				</prop>
			</props>
		</property>
		<property name="mappingResources">
			<list>
				<value>org/phonestore/vo/Phone.hbm.xml</value>
				<value>
					org/phonestore/vo/Catalog.hbm.xml
				</value>
				<value>
					org/phonestore/vo/Orderitem.hbm.xml
				</value>
				<value>org/phonestore/vo/Orders.hbm.xml</value>
				<value>org/phonestore/vo/User.hbm.xml</value>
				<value>org/phonestore/vo/Admin.hbm.xml</value></list>
		</property>
	</bean>
	<bean id="baseDAO" class="org.phonestore.dao.BaseDAO">
		<property name="sessionFactory" ref="sessionFactory"/>
	</bean>
	<bean id="userDAO" class="org.phonestore.dao.impl.UserDAO" parent="baseDAO"/>
	<bean id="userService" class="org.phonestore.service.impl.UserService">
		<property name="userDAO" ref="userDAO"/>
	</bean>
	<bean id="userAction" class="org.phonestore.action.UserAction">
		<property name="userService" ref="userService"/>
	</bean>
	
	<bean id="adminAction" class="org.phonestore.action.AdminAction">
		<property name="userService" ref="userService"/>
	</bean>
	
	<bean id="catalogDAO" class="org.phonestore.dao.impl.CatalogDAO" parent="baseDAO"/>
	<bean id="catalogService" class="org.phonestore.service.impl.CatalogService">
		<property name="catalogDAO" ref="catalogDAO"/>
	</bean>
	<bean id="phoneDAO" class="org.phonestore.dao.impl.PhoneDAO" parent="baseDAO"/>
	<bean id="phoneService" class="org.phonestore.service.impl.PhoneService">
		<property name="phoneDAO" ref="phoneDAO"/>
	</bean>
	<bean id="phoneAction" class="org.phonestore.action.PhoneAction">
		<property name="catalogService" ref="catalogService"/>
		<property name="phoneService" ref="phoneService"/>
	</bean>
	<bean id="shoppingAction" class="org.phonestore.action.ShoppingAction">
		<property name="phoneService" ref="phoneService"/>
		<property name="orderService" ref="orderService"/>
	</bean>
	<bean id="orderDAO" class="org.phonestore.dao.impl.OrderDAO" parent="baseDAO"/>
	<bean id="orderService" class="org.phonestore.service.impl.OrderService">
		<property name="orderDAO" ref="orderDAO"/>
	</bean>	
	<bean id="orderitemDAO" class="org.phonestore.dao.impl.OrderitemDAO" parent="baseDAO"></bean>
	<bean id="orderitemService" class="org.phonestore.service.impl.OrderitemService">
		<property name="orderitemDAO" ref="orderitemDAO"></property>
	</bean>
	<bean id="ordersAction" class="org.phonestore.action.OrdersAction">
		<property name="orderitemService" ref="orderitemService"/>
		<property name="orderService" ref="orderService"></property>
		<property name="phoneService" ref="phoneService"/>
	</bean>
	
	<bean id="mydao" class="org.phonestore.dao.impl.MyDAoImpl" parent="baseDAO"/>
	<bean id="loginservice" class="org.phonestore.service.impl.LoginServiceImpl">
		<property name="mydao" ref="mydao"></property>
	</bean>
	<bean id="myAction" class="org.phonestore.action.MyAction">
		<property name="loginservice" ref="loginservice"/>
	</bean>		
</beans>