<!DOCTYPE struts PUBLIC
	"-//Apache Software Foundation//DTD Struts Configuration 2.0//EN"
	"http://struts.apache.org/dtds/struts-2.0.dtd">
<struts>
	<package name="struts" extends="struts-default">
		<action name="register" class="userAction" method="register">
			<result name="success">/register_success.jsp</result>
		</action>
		<action name="login" class="userAction">
			<result name="success">/index.jsp</result>
			<result name="error">/login.jsp</result>
		</action>
		
		<action name="adminlogin" class="adminAction">
			<result name="success">/adminlogin_success.jsp</result>
			<result name="error">/adminLogin.jsp</result>
		</action>
		
		<action name="logout" class="userAction" method="logout">
			<result name="success">/index.jsp</result>
		</action>
		<action name="browseCatalog" class="phoneAction" method="browseCatalog">
			<result name="success">/menu.jsp</result>
		</action>
		<action name="browsePhone" class="phoneAction" method="browsePhone">
			<result name="success">/browsePhone.jsp</result>
		</action>
		<action name="browsePhonePaging" class="phoneAction" method="browsePhonePaging">
			<result name="success">/browsePhonePaging.jsp</result>
		</action>
		
		<action name="indexbrowsePhonePaging" class="phoneAction" method="indexbrowsePhonePaging">
			<result name="success">/indexbrowsePhonePaging.jsp</result>
		</action>
		
		<action name="searchPhone" class="phoneAction" method="searchPhone">
			<result name="success">/searchPhone_result.jsp</result>
		</action>
		<action name="addToCart" class="shoppingAction" method="addToCart">
			<result name="success">/addToCart_success.jsp</result>
		</action>
		<action name="updateCart" class="shoppingAction" method="updateCart">
			<result name="success">/showCart.jsp</result>
		</action>
		<action name="checkout" class="shoppingAction" method="checkout">
			<result name="success">/checkout_success.jsp</result>
			<result name="error">/login.jsp</result>
		</action>
		<action name="getPhoneByPrice" class="phoneAction" method="getPhoneByPrice">
			<result name="success">/searchPhone_result.jsp</result>
			<result name="error">/index.jsp</result>
		</action>
		<action name="showIndent" class="ordersAction" method="showIndent">
			<result name="success">/showOrders.jsp</result>
			<result name="error">/login.jsp</result>
		</action>
		
		<action name="serch" class="org.phonestore.action.MyAction">	       
			<result name="success">/show.jsp</result>
			<result name="error">/error.jsp</result>
			<result name="no">/error_no.jsp</result>
		</action>
	
		 <action name="add" class="org.phonestore.action.MyAction" method="insert">	       
			<result name="success">/show.jsp</result>
			<result name="error">/error.jsp</result>
		</action>
		 <action name="update" class="org.phonestore.action.MyAction" method="update">	       
			<result name="success" type="redirectAction">serch</result>
			<result name="error">/error.jsp</result>
		</action>
		 <action name="delete" class="org.phonestore.action.MyAction" method="delete">	       
			<result name="success">/show.jsp</result>
			<result name="error">/error.jsp</result>
		</action>
	</package>
</struts>