<?xml version="1.0" encoding="UTF-8"?>
<beans:beans xmlns="http://www.springframework.org/schema/security"
             xmlns:beans="http://www.springframework.org/schema/beans"
             xmlns:xsi="http://www.w3.org/2001/XMLSchema-instance"
             xsi:schemaLocation="http://www.springframework.org/schema/beans http://www.springframework.org/schema/beans/spring-beans.xsd
						http://www.springframework.org/schema/security http://www.springframework.org/schema/security/spring-security.xsd">
    <!--配置忽略规则-->
    <http pattern="/favicon.ico" security="none"></http>
    <!--TODO 注意：“/”不要丢了-->
    <http pattern="/login.html" security="none"></http>
    <http pattern="/error.html" security="none"></http>

    <!--配置拦截规则-->
    <http use-expressions="false">
        <!--拦截地址以及需要的权限-->
        <intercept-url pattern="/**" access="ROLE_XXX"></intercept-url>
        <!--如果不具备该角色，则跳转到登录页-->
        <form-login login-page="/login.html" authentication-failure-url="/error.html"
                    default-target-url="/index.html" always-use-default-target="true"
        ></form-login>
        <logout></logout>
        <!--关闭跨站攻击校验-->
        <csrf disabled="true"></csrf>
    </http>
    <!--配置认证管理器-->
    <authentication-manager>
        <authentication-provider>
            <user-service>
                <!--  必须以ROLE_开头-->
                <user name="admin" password="123456" authorities="ROLE_XXX"></user>
                <user name="test" password="123456" authorities="ROLE_TEST"></user>
            </user-service>
        </authentication-provider>
    </authentication-manager>
</beans:beans>