<?xml version="1.0" encoding="UTF-8" ?>
<!DOCTYPE mapper PUBLIC "-//mybatis.org//DTD Mapper 3.0//EN" "http://mybatis.org/dtd/mybatis-3-mapper.dtd" >
<mapper namespace="com.xxx.proj.mapper.TbAddressMapper" >
  <resultMap id="BaseResultMap" type="com.xxx.proj.pojo.TbAddress" >
    <id column="id" property="id" jdbcType="BIGINT" />
    <result column="user_id" property="userId" jdbcType="VARCHAR" />
    <result column="province_id" property="provinceId" jdbcType="VARCHAR" />
    <result column="city_id" property="cityId" jdbcType="VARCHAR" />
    <result column="town_id" property="townId" jdbcType="VARCHAR" />
    <result column="mobile" property="mobile" jdbcType="VARCHAR" />
    <result column="address" property="address" jdbcType="VARCHAR" />
    <result column="contact" property="contact" jdbcType="VARCHAR" />
    <result column="is_default" property="isDefault" jdbcType="VARCHAR" />
    <result column="notes" property="notes" jdbcType="VARCHAR" />
    <result column="create_date" property="createDate" jdbcType="TIMESTAMP" />
    <result column="alias" property="alias" jdbcType="VARCHAR" />
  </resultMap>
  <sql id="Example_Where_Clause" >
    <where >
      <foreach collection="oredCriteria" item="criteria" separator="or" >
        <if test="criteria.valid" >
          <trim prefix="(" suffix=")" prefixOverrides="and" >
            <foreach collection="criteria.criteria" item="criterion" >
              <choose >
                <when test="criterion.noValue" >
                  and ${criterion.condition}
                </when>
                <when test="criterion.singleValue" >
                  and ${criterion.condition} #{criterion.value}
                </when>
                <when test="criterion.betweenValue" >
                  and ${criterion.condition} #{criterion.value} and #{criterion.secondValue}
                </when>
                <when test="criterion.listValue" >
                  and ${criterion.condition}
                  <foreach collection="criterion.value" item="listItem" open="(" close=")" separator="," >
                    #{listItem}
                  </foreach>
                </when>
              </choose>
            </foreach>
          </trim>
        </if>
      </foreach>
    </where>
  </sql>
  <sql id="Update_By_Example_Where_Clause" >
    <where >
      <foreach collection="example.oredCriteria" item="criteria" separator="or" >
        <if test="criteria.valid" >
          <trim prefix="(" suffix=")" prefixOverrides="and" >
            <foreach collection="criteria.criteria" item="criterion" >
              <choose >
                <when test="criterion.noValue" >
                  and ${criterion.condition}
                </when>
                <when test="criterion.singleValue" >
                  and ${criterion.condition} #{criterion.value}
                </when>
                <when test="criterion.betweenValue" >
                  and ${criterion.condition} #{criterion.value} and #{criterion.secondValue}
                </when>
                <when test="criterion.listValue" >
                  and ${criterion.condition}
                  <foreach collection="criterion.value" item="listItem" open="(" close=")" separator="," >
                    #{listItem}
                  </foreach>
                </when>
              </choose>
            </foreach>
          </trim>
        </if>
      </foreach>
    </where>
  </sql>
  <sql id="Base_Column_List" >
    id, user_id, province_id, city_id, town_id, mobile, address, contact, is_default, 
    notes, create_date, alias
  </sql>
  <select id="selectByExample" resultMap="BaseResultMap" parameterType="com.xxx.proj.pojo.TbAddressExample" >
    select
    <if test="distinct" >
      distinct
    </if>
    'true' as QUERYID,
    <include refid="Base_Column_List" />
    from tb_address
    <if test="_parameter != null" >
      <include refid="Example_Where_Clause" />
    </if>
    <if test="orderByClause != null" >
      order by ${orderByClause}
    </if>
  </select>
  <select id="selectByPrimaryKey" resultMap="BaseResultMap" parameterType="java.lang.Long" >
    select 
    <include refid="Base_Column_List" />
    from tb_address
    where id = #{id,jdbcType=BIGINT}
  </select>
  <delete id="deleteByPrimaryKey" parameterType="java.lang.Long" >
    delete from tb_address
    where id = #{id,jdbcType=BIGINT}
  </delete>
  <delete id="deleteByExample" parameterType="com.xxx.proj.pojo.TbAddressExample" >
    delete from tb_address
    <if test="_parameter != null" >
      <include refid="Example_Where_Clause" />
    </if>
  </delete>
  <insert id="insert" parameterType="com.xxx.proj.pojo.TbAddress" >
    insert into tb_address (id, user_id, province_id, 
      city_id, town_id, mobile, 
      address, contact, is_default, 
      notes, create_date, alias
      )
    values (#{id,jdbcType=BIGINT}, #{userId,jdbcType=VARCHAR}, #{provinceId,jdbcType=VARCHAR}, 
      #{cityId,jdbcType=VARCHAR}, #{townId,jdbcType=VARCHAR}, #{mobile,jdbcType=VARCHAR}, 
      #{address,jdbcType=VARCHAR}, #{contact,jdbcType=VARCHAR}, #{isDefault,jdbcType=VARCHAR}, 
      #{notes,jdbcType=VARCHAR}, #{createDate,jdbcType=TIMESTAMP}, #{alias,jdbcType=VARCHAR}
      )
  </insert>
  <insert id="insertSelective" parameterType="com.xxx.proj.pojo.TbAddress" >
    insert into tb_address
    <trim prefix="(" suffix=")" suffixOverrides="," >
      <if test="id != null" >
        id,
      </if>
      <if test="userId != null" >
        user_id,
      </if>
      <if test="provinceId != null" >
        province_id,
      </if>
      <if test="cityId != null" >
        city_id,
      </if>
      <if test="townId != null" >
        town_id,
      </if>
      <if test="mobile != null" >
        mobile,
      </if>
      <if test="address != null" >
        address,
      </if>
      <if test="contact != null" >
        contact,
      </if>
      <if test="isDefault != null" >
        is_default,
      </if>
      <if test="notes != null" >
        notes,
      </if>
      <if test="createDate != null" >
        create_date,
      </if>
      <if test="alias != null" >
        alias,
      </if>
    </trim>
    <trim prefix="values (" suffix=")" suffixOverrides="," >
      <if test="id != null" >
        #{id,jdbcType=BIGINT},
      </if>
      <if test="userId != null" >
        #{userId,jdbcType=VARCHAR},
      </if>
      <if test="provinceId != null" >
        #{provinceId,jdbcType=VARCHAR},
      </if>
      <if test="cityId != null" >
        #{cityId,jdbcType=VARCHAR},
      </if>
      <if test="townId != null" >
        #{townId,jdbcType=VARCHAR},
      </if>
      <if test="mobile != null" >
        #{mobile,jdbcType=VARCHAR},
      </if>
      <if test="address != null" >
        #{address,jdbcType=VARCHAR},
      </if>
      <if test="contact != null" >
        #{contact,jdbcType=VARCHAR},
      </if>
      <if test="isDefault != null" >
        #{isDefault,jdbcType=VARCHAR},
      </if>
      <if test="notes != null" >
        #{notes,jdbcType=VARCHAR},
      </if>
      <if test="createDate != null" >
        #{createDate,jdbcType=TIMESTAMP},
      </if>
      <if test="alias != null" >
        #{alias,jdbcType=VARCHAR},
      </if>
    </trim>
  </insert>
  <select id="countByExample" parameterType="com.xxx.proj.pojo.TbAddressExample" resultType="java.lang.Integer" >
    select count(*) from tb_address
    <if test="_parameter != null" >
      <include refid="Example_Where_Clause" />
    </if>
  </select>
  <update id="updateByExampleSelective" parameterType="map" >
    update tb_address
    <set >
      <if test="record.id != null" >
        id = #{record.id,jdbcType=BIGINT},
      </if>
      <if test="record.userId != null" >
        user_id = #{record.userId,jdbcType=VARCHAR},
      </if>
      <if test="record.provinceId != null" >
        province_id = #{record.provinceId,jdbcType=VARCHAR},
      </if>
      <if test="record.cityId != null" >
        city_id = #{record.cityId,jdbcType=VARCHAR},
      </if>
      <if test="record.townId != null" >
        town_id = #{record.townId,jdbcType=VARCHAR},
      </if>
      <if test="record.mobile != null" >
        mobile = #{record.mobile,jdbcType=VARCHAR},
      </if>
      <if test="record.address != null" >
        address = #{record.address,jdbcType=VARCHAR},
      </if>
      <if test="record.contact != null" >
        contact = #{record.contact,jdbcType=VARCHAR},
      </if>
      <if test="record.isDefault != null" >
        is_default = #{record.isDefault,jdbcType=VARCHAR},
      </if>
      <if test="record.notes != null" >
        notes = #{record.notes,jdbcType=VARCHAR},
      </if>
      <if test="record.createDate != null" >
        create_date = #{record.createDate,jdbcType=TIMESTAMP},
      </if>
      <if test="record.alias != null" >
        alias = #{record.alias,jdbcType=VARCHAR},
      </if>
    </set>
    <if test="_parameter != null" >
      <include refid="Update_By_Example_Where_Clause" />
    </if>
  </update>
  <update id="updateByExample" parameterType="map" >
    update tb_address
    set id = #{record.id,jdbcType=BIGINT},
      user_id = #{record.userId,jdbcType=VARCHAR},
      province_id = #{record.provinceId,jdbcType=VARCHAR},
      city_id = #{record.cityId,jdbcType=VARCHAR},
      town_id = #{record.townId,jdbcType=VARCHAR},
      mobile = #{record.mobile,jdbcType=VARCHAR},
      address = #{record.address,jdbcType=VARCHAR},
      contact = #{record.contact,jdbcType=VARCHAR},
      is_default = #{record.isDefault,jdbcType=VARCHAR},
      notes = #{record.notes,jdbcType=VARCHAR},
      create_date = #{record.createDate,jdbcType=TIMESTAMP},
      alias = #{record.alias,jdbcType=VARCHAR}
    <if test="_parameter != null" >
      <include refid="Update_By_Example_Where_Clause" />
    </if>
  </update>
  <update id="updateByPrimaryKeySelective" parameterType="com.xxx.proj.pojo.TbAddress" >
    update tb_address
    <set >
      <if test="userId != null" >
        user_id = #{userId,jdbcType=VARCHAR},
      </if>
      <if test="provinceId != null" >
        province_id = #{provinceId,jdbcType=VARCHAR},
      </if>
      <if test="cityId != null" >
        city_id = #{cityId,jdbcType=VARCHAR},
      </if>
      <if test="townId != null" >
        town_id = #{townId,jdbcType=VARCHAR},
      </if>
      <if test="mobile != null" >
        mobile = #{mobile,jdbcType=VARCHAR},
      </if>
      <if test="address != null" >
        address = #{address,jdbcType=VARCHAR},
      </if>
      <if test="contact != null" >
        contact = #{contact,jdbcType=VARCHAR},
      </if>
      <if test="isDefault != null" >
        is_default = #{isDefault,jdbcType=VARCHAR},
      </if>
      <if test="notes != null" >
        notes = #{notes,jdbcType=VARCHAR},
      </if>
      <if test="createDate != null" >
        create_date = #{createDate,jdbcType=TIMESTAMP},
      </if>
      <if test="alias != null" >
        alias = #{alias,jdbcType=VARCHAR},
      </if>
    </set>
    where id = #{id,jdbcType=BIGINT}
  </update>
  <update id="updateByPrimaryKey" parameterType="com.xxx.proj.pojo.TbAddress" >
    update tb_address
    set user_id = #{userId,jdbcType=VARCHAR},
      province_id = #{provinceId,jdbcType=VARCHAR},
      city_id = #{cityId,jdbcType=VARCHAR},
      town_id = #{townId,jdbcType=VARCHAR},
      mobile = #{mobile,jdbcType=VARCHAR},
      address = #{address,jdbcType=VARCHAR},
      contact = #{contact,jdbcType=VARCHAR},
      is_default = #{isDefault,jdbcType=VARCHAR},
      notes = #{notes,jdbcType=VARCHAR},
      create_date = #{createDate,jdbcType=TIMESTAMP},
      alias = #{alias,jdbcType=VARCHAR}
    where id = #{id,jdbcType=BIGINT}
  </update>
</mapper>