<?xml version="1.0" encoding="UTF-8" ?>
<!DOCTYPE mapper PUBLIC "-//mybatis.org//DTD Mapper 3.0//EN" "http://mybatis.org/dtd/mybatis-3-mapper.dtd" >
<mapper namespace="com.xxx.proj.mapper.TbFreightTemplateMapper" >
  <resultMap id="BaseResultMap" type="com.xxx.proj.pojo.TbFreightTemplate" >
    <id column="id" property="id" jdbcType="BIGINT" />
    <result column="seller_id" property="sellerId" jdbcType="VARCHAR" />
    <result column="is_default" property="isDefault" jdbcType="VARCHAR" />
    <result column="name" property="name" jdbcType="VARCHAR" />
    <result column="send_time_type" property="sendTimeType" jdbcType="VARCHAR" />
    <result column="price" property="price" jdbcType="DECIMAL" />
    <result column="create_time" property="createTime" jdbcType="TIMESTAMP" />
  </resultMap>
  <sql id="Example_Where_Clause" >
    <where >
      <foreach collection="oredCriteria" item="criteria" separator="or" >
        <if test="criteria.valid" >
          <trim prefix="(" suffix=")" prefixOverrides="and" >
            <foreach collection="criteria.criteria" item="criterion" >
              <choose >
                <when test="criterion.noValue" >
                  and ${criterion.condition}
                </when>
                <when test="criterion.singleValue" >
                  and ${criterion.condition} #{criterion.value}
                </when>
                <when test="criterion.betweenValue" >
                  and ${criterion.condition} #{criterion.value} and #{criterion.secondValue}
                </when>
                <when test="criterion.listValue" >
                  and ${criterion.condition}
                  <foreach collection="criterion.value" item="listItem" open="(" close=")" separator="," >
                    #{listItem}
                  </foreach>
                </when>
              </choose>
            </foreach>
          </trim>
        </if>
      </foreach>
    </where>
  </sql>
  <sql id="Update_By_Example_Where_Clause" >
    <where >
      <foreach collection="example.oredCriteria" item="criteria" separator="or" >
        <if test="criteria.valid" >
          <trim prefix="(" suffix=")" prefixOverrides="and" >
            <foreach collection="criteria.criteria" item="criterion" >
              <choose >
                <when test="criterion.noValue" >
                  and ${criterion.condition}
                </when>
                <when test="criterion.singleValue" >
                  and ${criterion.condition} #{criterion.value}
                </when>
                <when test="criterion.betweenValue" >
                  and ${criterion.condition} #{criterion.value} and #{criterion.secondValue}
                </when>
                <when test="criterion.listValue" >
                  and ${criterion.condition}
                  <foreach collection="criterion.value" item="listItem" open="(" close=")" separator="," >
                    #{listItem}
                  </foreach>
                </when>
              </choose>
            </foreach>
          </trim>
        </if>
      </foreach>
    </where>
  </sql>
  <sql id="Base_Column_List" >
    id, seller_id, is_default, name, send_time_type, price, create_time
  </sql>
  <select id="selectByExample" resultMap="BaseResultMap" parameterType="com.xxx.proj.pojo.TbFreightTemplateExample" >
    select
    <if test="distinct" >
      distinct
    </if>
    'true' as QUERYID,
    <include refid="Base_Column_List" />
    from tb_freight_template
    <if test="_parameter != null" >
      <include refid="Example_Where_Clause" />
    </if>
    <if test="orderByClause != null" >
      order by ${orderByClause}
    </if>
  </select>
  <select id="selectByPrimaryKey" resultMap="BaseResultMap" parameterType="java.lang.Long" >
    select 
    <include refid="Base_Column_List" />
    from tb_freight_template
    where id = #{id,jdbcType=BIGINT}
  </select>
  <delete id="deleteByPrimaryKey" parameterType="java.lang.Long" >
    delete from tb_freight_template
    where id = #{id,jdbcType=BIGINT}
  </delete>
  <delete id="deleteByExample" parameterType="com.xxx.proj.pojo.TbFreightTemplateExample" >
    delete from tb_freight_template
    <if test="_parameter != null" >
      <include refid="Example_Where_Clause" />
    </if>
  </delete>
  <insert id="insert" parameterType="com.xxx.proj.pojo.TbFreightTemplate" >
    insert into tb_freight_template (id, seller_id, is_default, 
      name, send_time_type, price, 
      create_time)
    values (#{id,jdbcType=BIGINT}, #{sellerId,jdbcType=VARCHAR}, #{isDefault,jdbcType=VARCHAR}, 
      #{name,jdbcType=VARCHAR}, #{sendTimeType,jdbcType=VARCHAR}, #{price,jdbcType=DECIMAL}, 
      #{createTime,jdbcType=TIMESTAMP})
  </insert>
  <insert id="insertSelective" parameterType="com.xxx.proj.pojo.TbFreightTemplate" >
    insert into tb_freight_template
    <trim prefix="(" suffix=")" suffixOverrides="," >
      <if test="id != null" >
        id,
      </if>
      <if test="sellerId != null" >
        seller_id,
      </if>
      <if test="isDefault != null" >
        is_default,
      </if>
      <if test="name != null" >
        name,
      </if>
      <if test="sendTimeType != null" >
        send_time_type,
      </if>
      <if test="price != null" >
        price,
      </if>
      <if test="createTime != null" >
        create_time,
      </if>
    </trim>
    <trim prefix="values (" suffix=")" suffixOverrides="," >
      <if test="id != null" >
        #{id,jdbcType=BIGINT},
      </if>
      <if test="sellerId != null" >
        #{sellerId,jdbcType=VARCHAR},
      </if>
      <if test="isDefault != null" >
        #{isDefault,jdbcType=VARCHAR},
      </if>
      <if test="name != null" >
        #{name,jdbcType=VARCHAR},
      </if>
      <if test="sendTimeType != null" >
        #{sendTimeType,jdbcType=VARCHAR},
      </if>
      <if test="price != null" >
        #{price,jdbcType=DECIMAL},
      </if>
      <if test="createTime != null" >
        #{createTime,jdbcType=TIMESTAMP},
      </if>
    </trim>
  </insert>
  <select id="countByExample" parameterType="com.xxx.proj.pojo.TbFreightTemplateExample" resultType="java.lang.Integer" >
    select count(*) from tb_freight_template
    <if test="_parameter != null" >
      <include refid="Example_Where_Clause" />
    </if>
  </select>
  <update id="updateByExampleSelective" parameterType="map" >
    update tb_freight_template
    <set >
      <if test="record.id != null" >
        id = #{record.id,jdbcType=BIGINT},
      </if>
      <if test="record.sellerId != null" >
        seller_id = #{record.sellerId,jdbcType=VARCHAR},
      </if>
      <if test="record.isDefault != null" >
        is_default = #{record.isDefault,jdbcType=VARCHAR},
      </if>
      <if test="record.name != null" >
        name = #{record.name,jdbcType=VARCHAR},
      </if>
      <if test="record.sendTimeType != null" >
        send_time_type = #{record.sendTimeType,jdbcType=VARCHAR},
      </if>
      <if test="record.price != null" >
        price = #{record.price,jdbcType=DECIMAL},
      </if>
      <if test="record.createTime != null" >
        create_time = #{record.createTime,jdbcType=TIMESTAMP},
      </if>
    </set>
    <if test="_parameter != null" >
      <include refid="Update_By_Example_Where_Clause" />
    </if>
  </update>
  <update id="updateByExample" parameterType="map" >
    update tb_freight_template
    set id = #{record.id,jdbcType=BIGINT},
      seller_id = #{record.sellerId,jdbcType=VARCHAR},
      is_default = #{record.isDefault,jdbcType=VARCHAR},
      name = #{record.name,jdbcType=VARCHAR},
      send_time_type = #{record.sendTimeType,jdbcType=VARCHAR},
      price = #{record.price,jdbcType=DECIMAL},
      create_time = #{record.createTime,jdbcType=TIMESTAMP}
    <if test="_parameter != null" >
      <include refid="Update_By_Example_Where_Clause" />
    </if>
  </update>
  <update id="updateByPrimaryKeySelective" parameterType="com.xxx.proj.pojo.TbFreightTemplate" >
    update tb_freight_template
    <set >
      <if test="sellerId != null" >
        seller_id = #{sellerId,jdbcType=VARCHAR},
      </if>
      <if test="isDefault != null" >
        is_default = #{isDefault,jdbcType=VARCHAR},
      </if>
      <if test="name != null" >
        name = #{name,jdbcType=VARCHAR},
      </if>
      <if test="sendTimeType != null" >
        send_time_type = #{sendTimeType,jdbcType=VARCHAR},
      </if>
      <if test="price != null" >
        price = #{price,jdbcType=DECIMAL},
      </if>
      <if test="createTime != null" >
        create_time = #{createTime,jdbcType=TIMESTAMP},
      </if>
    </set>
    where id = #{id,jdbcType=BIGINT}
  </update>
  <update id="updateByPrimaryKey" parameterType="com.xxx.proj.pojo.TbFreightTemplate" >
    update tb_freight_template
    set seller_id = #{sellerId,jdbcType=VARCHAR},
      is_default = #{isDefault,jdbcType=VARCHAR},
      name = #{name,jdbcType=VARCHAR},
      send_time_type = #{sendTimeType,jdbcType=VARCHAR},
      price = #{price,jdbcType=DECIMAL},
      create_time = #{createTime,jdbcType=TIMESTAMP}
    where id = #{id,jdbcType=BIGINT}
  </update>
</mapper>