<?xml version="1.0" encoding="UTF-8" ?>
<!DOCTYPE mapper PUBLIC "-//mybatis.org//DTD Mapper 3.0//EN" "http://mybatis.org/dtd/mybatis-3-mapper.dtd" >
<mapper namespace="com.xxx.proj.mapper.TbSpecificationOptionMapper" >
  <resultMap id="BaseResultMap" type="com.xxx.proj.pojo.TbSpecificationOption" >
    <id column="id" property="id" jdbcType="BIGINT" />
    <result column="option_name" property="optionName" jdbcType="VARCHAR" />
    <result column="spec_id" property="specId" jdbcType="BIGINT" />
    <result column="orders" property="orders" jdbcType="INTEGER" />
  </resultMap>
  <sql id="Example_Where_Clause" >
    <where >
      <foreach collection="oredCriteria" item="criteria" separator="or" >
        <if test="criteria.valid" >
          <trim prefix="(" suffix=")" prefixOverrides="and" >
            <foreach collection="criteria.criteria" item="criterion" >
              <choose >
                <when test="criterion.noValue" >
                  and ${criterion.condition}
                </when>
                <when test="criterion.singleValue" >
                  and ${criterion.condition} #{criterion.value}
                </when>
                <when test="criterion.betweenValue" >
                  and ${criterion.condition} #{criterion.value} and #{criterion.secondValue}
                </when>
                <when test="criterion.listValue" >
                  and ${criterion.condition}
                  <foreach collection="criterion.value" item="listItem" open="(" close=")" separator="," >
                    #{listItem}
                  </foreach>
                </when>
              </choose>
            </foreach>
          </trim>
        </if>
      </foreach>
    </where>
  </sql>
  <sql id="Update_By_Example_Where_Clause" >
    <where >
      <foreach collection="example.oredCriteria" item="criteria" separator="or" >
        <if test="criteria.valid" >
          <trim prefix="(" suffix=")" prefixOverrides="and" >
            <foreach collection="criteria.criteria" item="criterion" >
              <choose >
                <when test="criterion.noValue" >
                  and ${criterion.condition}
                </when>
                <when test="criterion.singleValue" >
                  and ${criterion.condition} #{criterion.value}
                </when>
                <when test="criterion.betweenValue" >
                  and ${criterion.condition} #{criterion.value} and #{criterion.secondValue}
                </when>
                <when test="criterion.listValue" >
                  and ${criterion.condition}
                  <foreach collection="criterion.value" item="listItem" open="(" close=")" separator="," >
                    #{listItem}
                  </foreach>
                </when>
              </choose>
            </foreach>
          </trim>
        </if>
      </foreach>
    </where>
  </sql>
  <sql id="Base_Column_List" >
    id, option_name, spec_id, orders
  </sql>
  <select id="selectByExample" resultMap="BaseResultMap" parameterType="com.xxx.proj.pojo.TbSpecificationOptionExample" >
    select
    <if test="distinct" >
      distinct
    </if>
    'true' as QUERYID,
    <include refid="Base_Column_List" />
    from tb_specification_option
    <if test="_parameter != null" >
      <include refid="Example_Where_Clause" />
    </if>
    <if test="orderByClause != null" >
      order by ${orderByClause}
    </if>
  </select>
  <select id="selectByPrimaryKey" resultMap="BaseResultMap" parameterType="java.lang.Long" >
    select 
    <include refid="Base_Column_List" />
    from tb_specification_option
    where id = #{id,jdbcType=BIGINT}
  </select>
  <delete id="deleteByPrimaryKey" parameterType="java.lang.Long" >
    delete from tb_specification_option
    where id = #{id,jdbcType=BIGINT}
  </delete>
  <delete id="deleteByExample" parameterType="com.xxx.proj.pojo.TbSpecificationOptionExample" >
    delete from tb_specification_option
    <if test="_parameter != null" >
      <include refid="Example_Where_Clause" />
    </if>
  </delete>
  <insert id="insert" parameterType="com.xxx.proj.pojo.TbSpecificationOption" >
    insert into tb_specification_option (id, option_name, spec_id, 
      orders)
    values (#{id,jdbcType=BIGINT}, #{optionName,jdbcType=VARCHAR}, #{specId,jdbcType=BIGINT}, 
      #{orders,jdbcType=INTEGER})
  </insert>
  <insert id="insertSelective" parameterType="com.xxx.proj.pojo.TbSpecificationOption" >
    insert into tb_specification_option
    <trim prefix="(" suffix=")" suffixOverrides="," >
      <if test="id != null" >
        id,
      </if>
      <if test="optionName != null" >
        option_name,
      </if>
      <if test="specId != null" >
        spec_id,
      </if>
      <if test="orders != null" >
        orders,
      </if>
    </trim>
    <trim prefix="values (" suffix=")" suffixOverrides="," >
      <if test="id != null" >
        #{id,jdbcType=BIGINT},
      </if>
      <if test="optionName != null" >
        #{optionName,jdbcType=VARCHAR},
      </if>
      <if test="specId != null" >
        #{specId,jdbcType=BIGINT},
      </if>
      <if test="orders != null" >
        #{orders,jdbcType=INTEGER},
      </if>
    </trim>
  </insert>
  <select id="countByExample" parameterType="com.xxx.proj.pojo.TbSpecificationOptionExample" resultType="java.lang.Integer" >
    select count(*) from tb_specification_option
    <if test="_parameter != null" >
      <include refid="Example_Where_Clause" />
    </if>
  </select>
  <update id="updateByExampleSelective" parameterType="map" >
    update tb_specification_option
    <set >
      <if test="record.id != null" >
        id = #{record.id,jdbcType=BIGINT},
      </if>
      <if test="record.optionName != null" >
        option_name = #{record.optionName,jdbcType=VARCHAR},
      </if>
      <if test="record.specId != null" >
        spec_id = #{record.specId,jdbcType=BIGINT},
      </if>
      <if test="record.orders != null" >
        orders = #{record.orders,jdbcType=INTEGER},
      </if>
    </set>
    <if test="_parameter != null" >
      <include refid="Update_By_Example_Where_Clause" />
    </if>
  </update>
  <update id="updateByExample" parameterType="map" >
    update tb_specification_option
    set id = #{record.id,jdbcType=BIGINT},
      option_name = #{record.optionName,jdbcType=VARCHAR},
      spec_id = #{record.specId,jdbcType=BIGINT},
      orders = #{record.orders,jdbcType=INTEGER}
    <if test="_parameter != null" >
      <include refid="Update_By_Example_Where_Clause" />
    </if>
  </update>
  <update id="updateByPrimaryKeySelective" parameterType="com.xxx.proj.pojo.TbSpecificationOption" >
    update tb_specification_option
    <set >
      <if test="optionName != null" >
        option_name = #{optionName,jdbcType=VARCHAR},
      </if>
      <if test="specId != null" >
        spec_id = #{specId,jdbcType=BIGINT},
      </if>
      <if test="orders != null" >
        orders = #{orders,jdbcType=INTEGER},
      </if>
    </set>
    where id = #{id,jdbcType=BIGINT}
  </update>
  <update id="updateByPrimaryKey" parameterType="com.xxx.proj.pojo.TbSpecificationOption" >
    update tb_specification_option
    set option_name = #{optionName,jdbcType=VARCHAR},
      spec_id = #{specId,jdbcType=BIGINT},
      orders = #{orders,jdbcType=INTEGER}
    where id = #{id,jdbcType=BIGINT}
  </update>
</mapper>