<?xml version="1.0" encoding="utf-8"?>
<!DOCTYPE hibernate-mapping PUBLIC "-//Hibernate/Hibernate Mapping DTD 3.0//EN"
"http://hibernate.sourceforge.net/hibernate-mapping-3.0.dtd">
<!-- 
    Mapping file autogenerated by MyEclipse Persistence Tools
-->
<hibernate-mapping>
    <class name="org.phonestore.vo.Orderitem" table="orderitem" catalog="phonestore">
        <id name="orderitemid" type="java.lang.Integer">
            <column name="orderitemid" />
            <generator class="native" />
        </id>
        <many-to-one name="phone" class="org.phonestore.vo.Phone" fetch="select">
            <column name="phoneid" not-null="true" />
        </many-to-one>
        <many-to-one name="orders" class="org.phonestore.vo.Orders" fetch="select">
            <column name="orderid" not-null="true" />
        </many-to-one>
        <property name="quantity" type="java.lang.Integer">
            <column name="quantity" not-null="true" />
        </property>
    </class>
</hibernate-mapping>
