<?xml version="1.0" encoding="utf-8"?>
<!DOCTYPE hibernate-mapping PUBLIC "-//Hibernate/Hibernate Mapping DTD 3.0//EN"
"http://hibernate.sourceforge.net/hibernate-mapping-3.0.dtd">
<!-- 
    Mapping file autogenerated by MyEclipse Persistence Tools
-->
<hibernate-mapping>
    <class name="org.phonestore.vo.User" table="user" catalog="phonestore">
        <id name="userid" type="java.lang.Integer">
            <column name="userid" />
            <generator class="native" />
        </id>
        <property name="username" type="java.lang.String">
            <column name="username" length="20" not-null="true" />
        </property>
        <property name="password" type="java.lang.String">
            <column name="password" length="20" not-null="true" />
        </property>
        <property name="sex" type="java.lang.String">
            <column name="sex" length="4" />
        </property>
        <property name="age" type="java.lang.Integer">
            <column name="age" />
        </property>
        <set name="orderses" inverse="true">
            <key>
                <column name="userid" not-null="true" />
            </key>
            <one-to-many class="org.phonestore.vo.Orders" />
        </set>
    </class>
</hibernate-mapping>
